{
  "characters": [
    {
      "character": "人",
      "pinyin": "rén",
      "meaning": "人，人类",
      "category": "people",
      "strokes": 2,
      "examples": ["人民", "人类", "人物"]
    },
    {
      "character": "口",
      "pinyin": "kǒu",
      "meaning": "嘴巴，口子",
      "category": "people",
      "strokes": 3,
      "examples": ["口水", "口味", "人口"]
    },
    {
      "character": "日",
      "pinyin": "rì",
      "meaning": "太阳，日子",
      "category": "nature",
      "strokes": 4,
      "examples": ["日子", "日记", "日出"]
    },
    {
      "character": "月",
      "pinyin": "yuè",
      "meaning": "月亮，月份",
      "category": "nature",
      "strokes": 4,
      "examples": ["月亮", "月份", "农历"]
    },
    {
      "character": "山",
      "pinyin": "shān",
      "meaning": "山，山脉",
      "category": "nature",
      "strokes": 3,
      "examples": ["山水", "山峰", "高山"]
    },
    {
      "character": "水",
      "pinyin": "shuǐ",
      "meaning": "水，液体",
      "category": "nature",
      "strokes": 4,
      "examples": ["水果", "水平", "饮水"]
    },
    {
      "character": "火",
      "pinyin": "huǒ",
      "meaning": "火，火焰",
      "category": "nature",
      "strokes": 4,
      "examples": ["火山", "火车", "火焰"]
    },
    {
      "character": "木",
      "pinyin": "mù",
      "meaning": "木头，树",
      "category": "nature",
      "strokes": 4,
      "examples": ["木头", "树木", "木材"]
    },
    {
      "character": "土",
      "pinyin": "tǔ",
      "meaning": "土壤，土地",
      "category": "nature",
      "strokes": 3,
      "examples": ["土地", "土壤", "国土"]
    },
    {
      "character": "金",
      "pinyin": "jīn",
      "meaning": "金子，金属",
      "category": "objects",
      "strokes": 8,
      "examples": ["金子", "金属", "金牌"]
    },
    {
      "character": "石",
      "pinyin": "shí",
      "meaning": "石头",
      "category": "nature",
      "strokes": 5,
      "examples": ["石头", "石油", "宝石"]
    },
    {
      "character": "田",
      "pinyin": "tián",
      "meaning": "田地，田野",
      "category": "nature",
      "strokes": 5,
      "examples": ["田地", "田野", "农田"]
    },
    {
      "character": "一",
      "pinyin": "yī",
      "meaning": "一，数字1",
      "category": "numbers",
      "strokes": 1,
      "examples": ["一天", "一年", "第一"]
    },
    {
      "character": "二",
      "pinyin": "èr",
      "meaning": "二，数字2",
      "category": "numbers",
      "strokes": 2,
      "examples": ["二月", "二楼", "第二"]
    },
    {
      "character": "三",
      "pinyin": "sān",
      "meaning": "三，数字3",
      "category": "numbers",
      "strokes": 3,
      "examples": ["三天", "三角", "第三"]
    },
    {
      "character": "四",
      "pinyin": "sì",
      "meaning": "四，数字4",
      "category": "numbers",
      "strokes": 5,
      "examples": ["四季", "四方", "第四"]
    },
    {
      "character": "五",
      "pinyin": "wǔ",
      "meaning": "五，数字5",
      "category": "numbers",
      "strokes": 4,
      "examples": ["五月", "五官", "第五"]
    },
    {
      "character": "六",
      "pinyin": "liù",
      "meaning": "六，数字6",
      "category": "numbers",
      "strokes": 4,
      "examples": ["六月", "六边", "第六"]
    },
    {
      "character": "七",
      "pinyin": "qī",
      "meaning": "七，数字7",
      "category": "numbers",
      "strokes": 2,
      "examples": ["七月", "七天", "第七"]
    },
    {
      "character": "八",
      "pinyin": "bā",
      "meaning": "八，数字8",
      "category": "numbers",
      "strokes": 2,
      "examples": ["八月", "八角", "第八"]
    },
    {
      "character": "九",
      "pinyin": "jiǔ",
      "meaning": "九，数字9",
      "category": "numbers",
      "strokes": 2,
      "examples": ["九月", "九点", "第九"]
    },
    {
      "character": "十",
      "pinyin": "shí",
      "meaning": "十，数字10",
      "category": "numbers",
      "strokes": 2,
      "examples": ["十月", "十分", "十年"]
    },
    {
      "character": "大",
      "pinyin": "dà",
      "meaning": "大，巨大",
      "category": "objects",
      "strokes": 3,
      "examples": ["大小", "大人", "大山"]
    },
    {
      "character": "小",
      "pinyin": "xiǎo",
      "meaning": "小，微小",
      "category": "objects",
      "strokes": 3,
      "examples": ["小孩", "小心", "小狗"]
    },
    {
      "character": "上",
      "pinyin": "shàng",
      "meaning": "上，上面",
      "category": "objects",
      "strokes": 3,
      "examples": ["上面", "上学", "上山"]
    },
    {
      "character": "下",
      "pinyin": "xià",
      "meaning": "下，下面",
      "category": "objects",
      "strokes": 3,
      "examples": ["下面", "下雨", "下山"]
    },
    {
      "character": "左",
      "pinyin": "zuǒ",
      "meaning": "左，左边",
      "category": "objects",
      "strokes": 5,
      "examples": ["左边", "左手", "左转"]
    },
    {
      "character": "右",
      "pinyin": "yòu",
      "meaning": "右，右边",
      "category": "objects",
      "strokes": 5,
      "examples": ["右边", "右手", "右转"]
    },
    {
      "character": "中",
      "pinyin": "zhōng",
      "meaning": "中，中间",
      "category": "objects",
      "strokes": 4,
      "examples": ["中间", "中国", "中心"]
    },
    {
      "character": "手",
      "pinyin": "shǒu",
      "meaning": "手，手掌",
      "category": "people",
      "strokes": 4,
      "examples": ["手指", "手套", "洗手"]
    },
    {
      "character": "足",
      "pinyin": "zú",
      "meaning": "足，脚",
      "category": "people",
      "strokes": 7,
      "examples": ["足球", "脚步", "足迹"]
    },
    {
      "character": "目",
      "pinyin": "mù",
      "meaning": "目，眼睛",
      "category": "people",
      "strokes": 5,
      "examples": ["目标", "眼睛", "目光"]
    },
    {
      "character": "耳",
      "pinyin": "ěr",
      "meaning": "耳，耳朵",
      "category": "people",
      "strokes": 6,
      "examples": ["耳朵", "耳机", "听耳"]
    },
    {
      "character": "口",
      "pinyin": "kǒu",
      "meaning": "口，嘴巴",
      "category": "people",
      "strokes": 3,
      "examples": ["口水", "嘴巴", "开口"]
    },
    {
      "character": "走",
      "pinyin": "zǒu",
      "meaning": "走，行走",
      "category": "actions",
      "strokes": 7,
      "examples": ["走路", "走开", "散走"]
    },
    {
      "character": "跑",
      "pinyin": "pǎo",
      "meaning": "跑，奔跑",
      "category": "actions",
      "strokes": 12,
      "examples": ["跑步", "奔跑", "跑道"]
    },
    {
      "character": "跳",
      "pinyin": "tiào",
      "meaning": "跳，跳跃",
      "category": "actions",
      "strokes": 13,
      "examples": ["跳高", "跳绳", "跳舞"]
    },
    {
      "character": "吃",
      "pinyin": "chī",
      "meaning": "吃，进食",
      "category": "actions",
      "strokes": 6,
      "examples": ["吃饭", "吃水果", "吃药"]
    },
    {
      "character": "喝",
      "pinyin": "hē",
      "meaning": "喝，饮用",
      "category": "actions",
      "strokes": 12,
      "examples": ["喝水", "喝茶", "喝牛奶"]
    },
    {
      "character": "看",
      "pinyin": "kàn",
      "meaning": "看，观看",
      "category": "actions",
      "strokes": 9,
      "examples": ["看书", "看电视", "看病"]
    },
    {
      "character": "听",
      "pinyin": "tīng",
      "meaning": "听，聆听",
      "category": "actions",
      "strokes": 7,
      "examples": ["听话", "听音乐", "听课"]
    },
    {
      "character": "说",
      "pinyin": "shuō",
      "meaning": "说，说话",
      "category": "actions",
      "strokes": 9,
      "examples": ["说话", "说明", "讲说"]
    },
    {
      "character": "笑",
      "pinyin": "xiào",
      "meaning": "笑，微笑",
      "category": "actions",
      "strokes": 10,
      "examples": ["笑容", "微笑", "大笑"]
    },
    {
      "character": "哭",
      "pinyin": "kū",
      "meaning": "哭，哭泣",
      "category": "actions",
      "strokes": 10,
      "examples": ["哭泣", "大哭", "哭声"]
    },
    {
      "character": "玩",
      "pinyin": "wán",
      "meaning": "玩，游戏",
      "category": "actions",
      "strokes": 8,
      "examples": ["玩具", "玩耍", "游玩"]
    },
    {
      "character": "书",
      "pinyin": "shū",
      "meaning": "书，书籍",
      "category": "objects",
      "strokes": 4,
      "examples": ["书本", "书包", "读书"]
    },
    {
      "character": "包",
      "pinyin": "bāo",
      "meaning": "包，包裹",
      "category": "objects",
      "strokes": 5,
      "examples": ["书包", "包子", "包裹"]
    },
    {
      "character": "车",
      "pinyin": "chē",
      "meaning": "车，车辆",
      "category": "objects",
      "strokes": 4,
      "examples": ["汽车", "火车", "自行车"]
    },
    {
      "character": "门",
      "pinyin": "mén",
      "meaning": "门，门户",
      "category": "objects",
      "strokes": 3,
      "examples": ["门口", "开门", "关门"]
    },
    {
      "character": "家",
      "pinyin": "jiā",
      "meaning": "家，家庭",
      "category": "objects",
      "strokes": 10,
      "examples": ["家庭", "回家", "家人"]
    },
    {
      "character": "花",
      "pinyin": "huā",
      "meaning": "花，花朵",
      "category": "nature",
      "strokes": 7,
      "examples": ["花朵", "花园", "鲜花"]
    },
    {
      "character": "草",
      "pinyin": "cǎo",
      "meaning": "草，草地",
      "category": "nature",
      "strokes": 9,
      "examples": ["草地", "小草", "草原"]
    },
    {
      "character": "树",
      "pinyin": "shù",
      "meaning": "树，树木",
      "category": "nature",
      "strokes": 9,
      "examples": ["树木", "大树", "树叶"]
    },
    {
      "character": "鸟",
      "pinyin": "niǎo",
      "meaning": "鸟，鸟类",
      "category": "nature",
      "strokes": 5,
      "examples": ["小鸟", "鸟类", "鸟巢"]
    },
    {
      "character": "鱼",
      "pinyin": "yú",
      "meaning": "鱼，鱼类",
      "category": "nature",
      "strokes": 8,
      "examples": ["鱼类", "金鱼", "鱼缸"]
    },
    {
      "character": "虫",
      "pinyin": "chóng",
      "meaning": "虫，昆虫",
      "category": "nature",
      "strokes": 6,
      "examples": ["昆虫", "虫子", "蚂蚁"]
    },
    {
      "character": "马",
      "pinyin": "mǎ",
      "meaning": "马，马匹",
      "category": "nature",
      "strokes": 3,
      "examples": ["马匹", "骑马", "马车"]
    },
    {
      "character": "牛",
      "pinyin": "niú",
      "meaning": "牛，牛只",
      "category": "nature",
      "strokes": 4,
      "examples": ["牛奶", "奶牛", "牛肉"]
    },
    {
      "character": "羊",
      "pinyin": "yáng",
      "meaning": "羊，羊只",
      "category": "nature",
      "strokes": 6,
      "examples": ["绵羊", "山羊", "羊肉"]
    },
    {
      "character": "猪",
      "pinyin": "zhū",
      "meaning": "猪，猪只",
      "category": "nature",
      "strokes": 11,
      "examples": ["小猪", "猪肉", "野猪"]
    },
    {
      "character": "狗",
      "pinyin": "gǒu",
      "meaning": "狗，犬只",
      "category": "nature",
      "strokes": 8,
      "examples": ["小狗", "狗狗", "看门狗"]
    },
    {
      "character": "猫",
      "pinyin": "māo",
      "meaning": "猫，猫咪",
      "category": "nature",
      "strokes": 11,
      "examples": ["小猫", "猫咪", "黑猫"]
    }
  ]
}