{
  "shengmu": [
    {
      "pinyin": "b",
      "pronunciation": "[b]",
      "description": "双唇音，发音时双唇闭拢，然后突然张开，声带振动。",
      "examples": [
        {"char": "爸", "pinyin": "bà"},
        {"char": "北", "pinyin": "běi"},
        {"char": "比", "pinyin": "bǐ"}
      ]
    },
    {
      "pinyin": "p",
      "pronunciation": "[p']",
      "description": "双唇音，发音时双唇闭拢，然后突然张开，声带不振动。",
      "examples": [
        {"char": "爬", "pinyin": "pá"},
        {"char": "拍", "pinyin": "pāi"},
        {"char": "跑", "pinyin": "pǎo"}
      ]
    },
    {
      "pinyin": "m",
      "pronunciation": "[m]",
      "description": "双唇鼻音，发音时双唇闭拢，气流从鼻腔通过，声带振动。",
      "examples": [
        {"char": "妈", "pinyin": "mā"},
        {"char": "米", "pinyin": "mǐ"},
        {"char": "猫", "pinyin": "māo"}
      ]
    },
    {
      "pinyin": "f",
      "pronunciation": "[f]",
      "description": "唇齿音，发音时上齿轻触下唇，气流从唇齿间通过，声带不振动。",
      "examples": [
        {"char": "发", "pinyin": "fā"},
        {"char": "飞", "pinyin": "fēi"},
        {"char": "非", "pinyin": "fēi"}
      ]
    },
    {
      "pinyin": "d",
      "pronunciation": "[d]",
      "description": "舌尖中音，发音时舌尖抵住上齿龈，然后突然离开，声带振动。",
      "examples": [
        {"char": "大", "pinyin": "dà"},
        {"char": "地", "pinyin": "dì"},
        {"char": "东", "pinyin": "dōng"}
      ]
    },
    {
      "pinyin": "t",
      "pronunciation": "[t']",
      "description": "舌尖中音，发音时舌尖抵住上齿龈，然后突然离开，声带不振动。",
      "examples": [
        {"char": "他", "pinyin": "tā"},
        {"char": "天", "pinyin": "tiān"},
        {"char": "跳", "pinyin": "tiào"}
      ]
    },
    {
      "pinyin": "n",
      "pronunciation": "[n]",
      "description": "舌尖中鼻音，发音时舌尖抵住上齿龈，气流从鼻腔通过，声带振动。",
      "examples": [
        {"char": "你", "pinyin": "nǐ"},
        {"char": "南", "pinyin": "nán"},
        {"char": "年", "pinyin": "nián"}
      ]
    },
    {
      "pinyin": "l",
      "pronunciation": "[l]",
      "description": "舌尖中边音，发音时舌尖抵住上齿龈，气流从舌头两侧通过，声带振动。",
      "examples": [
        {"char": "来", "pinyin": "lái"},
        {"char": "老", "pinyin": "lǎo"},
        {"char": "路", "pinyin": "lù"}
      ]
    },
    {
      "pinyin": "g",
      "pronunciation": "[g]",
      "description": "舌根音，发音时舌根抵住软腭，然后突然离开，声带振动。",
      "examples": [
        {"char": "高", "pinyin": "gāo"},
        {"char": "国", "pinyin": "guó"},
        {"char": "狗", "pinyin": "gǒu"}
      ]
    },
    {
      "pinyin": "k",
      "pronunciation": "[k']",
      "description": "舌根音，发音时舌根抵住软腭，然后突然离开，声带不振动。",
      "examples": [
        {"char": "开", "pinyin": "kāi"},
        {"char": "看", "pinyin": "kàn"},
        {"char": "口", "pinyin": "kǒu"}
      ]
    },
    {
      "pinyin": "h",
      "pronunciation": "[x]",
      "description": "喉音，发音时舌根接近软腭，气流从喉部通过，声带不振动。",
      "examples": [
        {"char": "好", "pinyin": "hǎo"},
        {"char": "和", "pinyin": "hé"},
        {"char": "花", "pinyin": "huā"}
      ]
    },
    {
      "pinyin": "j",
      "pronunciation": "[tɕ]",
      "description": "舌面音，发音时舌面前部抵住硬腭，然后突然离开，声带不振动。",
      "examples": [
        {"char": "家", "pinyin": "jiā"},
        {"char": "见", "pinyin": "jiàn"},
        {"char": "叫", "pinyin": "jiào"}
      ]
    },
    {
      "pinyin": "q",
      "pronunciation": "[tɕ']",
      "description": "舌面音，发音时舌面前部抵住硬腭，然后突然离开，送气，声带不振动。",
      "examples": [
        {"char": "七", "pinyin": "qī"},
        {"char": "前", "pinyin": "qián"},
        {"char": "去", "pinyin": "qù"}
      ]
    },
    {
      "pinyin": "x",
      "pronunciation": "[ɕ]",
      "description": "舌面音，发音时舌面前部接近硬腭，气流从中间通过，声带不振动。",
      "examples": [
        {"char": "西", "pinyin": "xī"},
        {"char": "小", "pinyin": "xiǎo"},
        {"char": "学", "pinyin": "xué"}
      ]
    },
    {
      "pinyin": "zh",
      "pronunciation": "[tʂ]",
      "description": "舌尖后音，发音时舌尖上卷接近硬腭，然后突然离开，声带不振动。",
      "examples": [
        {"char": "这", "pinyin": "zhè"},
        {"char": "中", "pinyin": "zhōng"},
        {"char": "主", "pinyin": "zhǔ"}
      ]
    },
    {
      "pinyin": "ch",
      "pronunciation": "[tʂ']",
      "description": "舌尖后音，发音时舌尖上卷接近硬腭，然后突然离开，送气，声带不振动。",
      "examples": [
        {"char": "吃", "pinyin": "chī"},
        {"char": "出", "pinyin": "chū"},
        {"char": "车", "pinyin": "chē"}
      ]
    },
    {
      "pinyin": "sh",
      "pronunciation": "[ʂ]",
      "description": "舌尖后音，发音时舌尖上卷接近硬腭，气流从中间通过，声带不振动。",
      "examples": [
        {"char": "是", "pinyin": "shì"},
        {"char": "书", "pinyin": "shū"},
        {"char": "山", "pinyin": "shān"}
      ]
    },
    {
      "pinyin": "r",
      "pronunciation": "[ʐ]",
      "description": "舌尖后音，发音时舌尖上卷接近硬腭，气流从中间通过，声带振动。",
      "examples": [
        {"char": "人", "pinyin": "rén"},
        {"char": "日", "pinyin": "rì"},
        {"char": "肉", "pinyin": "ròu"}
      ]
    },
    {
      "pinyin": "z",
      "pronunciation": "[ts]",
      "description": "舌尖前音，发音时舌尖抵住上齿龈，然后突然离开，声带不振动。",
      "examples": [
        {"char": "在", "pinyin": "zài"},
        {"char": "子", "pinyin": "zǐ"},
        {"char": "走", "pinyin": "zǒu"}
      ]
    },
    {
      "pinyin": "c",
      "pronunciation": "[ts']",
      "description": "舌尖前音，发音时舌尖抵住上齿龈，然后突然离开，送气，声带不振动。",
      "examples": [
        {"char": "从", "pinyin": "cóng"},
        {"char": "次", "pinyin": "cì"},
        {"char": "草", "pinyin": "cǎo"}
      ]
    },
    {
      "pinyin": "s",
      "pronunciation": "[s]",
      "description": "舌尖前音，发音时舌尖接近上齿龈，气流从中间通过，声带不振动。",
      "examples": [
        {"char": "三", "pinyin": "sān"},
        {"char": "四", "pinyin": "sì"},
        {"char": "送", "pinyin": "sòng"}
      ]
    },
    {
      "pinyin": "y",
      "pronunciation": "[j]",
      "description": "半元音，发音时舌面前部抬高接近硬腭，声带振动。",
      "examples": [
        {"char": "一", "pinyin": "yī"},
        {"char": "用", "pinyin": "yòng"},
        {"char": "月", "pinyin": "yuè"}
      ]
    },
    {
      "pinyin": "w",
      "pronunciation": "[w]",
      "description": "半元音，发音时双唇收圆，舌后部抬高接近软腭，声带振动。",
      "examples": [
        {"char": "我", "pinyin": "wǒ"},
        {"char": "五", "pinyin": "wǔ"},
        {"char": "问", "pinyin": "wèn"}
      ]
    }
  ],
  "yunmu": [
    {
      "pinyin": "a",
      "pronunciation": "[a]",
      "description": "开口呼，发音时嘴巴张大，舌头平放。",
      "examples": [
        {"char": "啊", "pinyin": "ā"},
        {"char": "爸", "pinyin": "bà"},
        {"char": "大", "pinyin": "dà"}
      ]
    },
    {
      "pinyin": "o",
      "pronunciation": "[o]",
      "description": "合口呼，发音时嘴唇略微收圆，舌后部略微抬高。",
      "examples": [
        {"char": "哦", "pinyin": "ò"},
        {"char": "波", "pinyin": "bō"},
        {"char": "多", "pinyin": "duō"}
      ]
    },
    {
      "pinyin": "e",
      "pronunciation": "[ɤ]",
      "description": "齐齿呼，发音时嘴唇微张，舌中部略微抬高。",
      "examples": [
        {"char": "鹅", "pinyin": "é"},
        {"char": "喝", "pinyin": "hē"},
        {"char": "和", "pinyin": "hé"}
      ]
    },
    {
      "pinyin": "i",
      "pronunciation": "[i]",
      "description": "齐齿呼，发音时嘴唇微微张开，舌前部抬高接近硬腭。",
      "examples": [
        {"char": "一", "pinyin": "yī"},
        {"char": "西", "pinyin": "xī"},
        {"char": "地", "pinyin": "dì"}
      ]
    },
    {
      "pinyin": "u",
      "pronunciation": "[u]",
      "description": "合口呼，发音时嘴唇收圆突出，舌后部抬高接近软腭。",
      "examples": [
        {"char": "五", "pinyin": "wǔ"},
        {"char": "不", "pinyin": "bù"},
        {"char": "路", "pinyin": "lù"}
      ]
    },
    {
      "pinyin": "ü",
      "pronunciation": "[y]",
      "description": "撮口呼，发音时嘴唇收圆突出，舌前部抬高接近硬腭。",
      "examples": [
        {"char": "鱼", "pinyin": "yú"},
        {"char": "女", "pinyin": "nǚ"},
        {"char": "绿", "pinyin": "lǜ"}
      ]
    },
    {
      "pinyin": "ai",
      "pronunciation": "[ai]",
      "description": "复韵母，由a和i两个音素组成。",
      "examples": [
        {"char": "爱", "pinyin": "ài"},
        {"char": "来", "pinyin": "lái"},
        {"char": "开", "pinyin": "kāi"}
      ]
    },
    {
      "pinyin": "ei",
      "pronunciation": "[ei]",
      "description": "复韵母，由e和i两个音素组成。",
      "examples": [
        {"char": "飞", "pinyin": "fēi"},
        {"char": "黑", "pinyin": "hēi"},
        {"char": "美", "pinyin": "měi"}
      ]
    },
    {
      "pinyin": "ui",
      "pronunciation": "[uei]",
      "description": "复韵母，由u、e和i三个音素组成。",
      "examples": [
        {"char": "水", "pinyin": "shuǐ"},
        {"char": "对", "pinyin": "duì"},
        {"char": "会", "pinyin": "huì"}
      ]
    },
    {
      "pinyin": "ao",
      "pronunciation": "[ɑu]",
      "description": "复韵母，由a和o两个音素组成。",
      "examples": [
        {"char": "好", "pinyin": "hǎo"},
        {"char": "跑", "pinyin": "pǎo"},
        {"char": "早", "pinyin": "zǎo"}
      ]
    },
    {
      "pinyin": "ou",
      "pronunciation": "[əu]",
      "description": "复韵母，由o和u两个音素组成。",
      "examples": [
        {"char": "狗", "pinyin": "gǒu"},
        {"char": "口", "pinyin": "kǒu"},
        {"char": "走", "pinyin": "zǒu"}
      ]
    },
    {
      "pinyin": "iu",
      "pronunciation": "[iəu]",
      "description": "复韵母，由i、o和u三个音素组成。",
      "examples": [
        {"char": "牛", "pinyin": "niú"},
        {"char": "六", "pinyin": "liù"},
        {"char": "秋", "pinyin": "qiū"}
      ]
    },
    {
      "pinyin": "ie",
      "pronunciation": "[iɛ]",
      "description": "复韵母，由i和e两个音素组成。",
      "examples": [
        {"char": "写", "pinyin": "xiě"},
        {"char": "别", "pinyin": "bié"},
        {"char": "叶", "pinyin": "yè"}
      ]
    },
    {
      "pinyin": "üe",
      "pronunciation": "[yɛ]",
      "description": "复韵母，由ü和e两个音素组成。",
      "examples": [
        {"char": "月", "pinyin": "yuè"},
        {"char": "学", "pinyin": "xué"},
        {"char": "约", "pinyin": "yuē"}
      ]
    },
    {
      "pinyin": "er",
      "pronunciation": "[ɚ]",
      "description": "特殊韵母，发音时舌尖上卷，声带振动。",
      "examples": [
        {"char": "二", "pinyin": "èr"},
        {"char": "儿", "pinyin": "ér"},
        {"char": "耳", "pinyin": "ěr"}
      ]
    },
    {
      "pinyin": "an",
      "pronunciation": "[an]",
      "description": "前鼻韵母，由a和n两个音素组成。",
      "examples": [
        {"char": "安", "pinyin": "ān"},
        {"char": "看", "pinyin": "kàn"},
        {"char": "山", "pinyin": "shān"}
      ]
    },
    {
      "pinyin": "en",
      "pronunciation": "[ən]",
      "description": "前鼻韵母，由e和n两个音素组成。",
      "examples": [
        {"char": "恩", "pinyin": "ēn"},
        {"char": "门", "pinyin": "mén"},
        {"char": "很", "pinyin": "hěn"}
      ]
    },
    {
      "pinyin": "in",
      "pronunciation": "[in]",
      "description": "前鼻韵母，由i和n两个音素组成。",
      "examples": [
        {"char": "心", "pinyin": "xīn"},
        {"char": "新", "pinyin": "xīn"},
        {"char": "进", "pinyin": "jìn"}
      ]
    },
    {
      "pinyin": "un",
      "pronunciation": "[uən]",
      "description": "前鼻韵母，由u、e和n三个音素组成。",
      "examples": [
        {"char": "春", "pinyin": "chūn"},
        {"char": "顺", "pinyin": "shùn"},
        {"char": "困", "pinyin": "kùn"}
      ]
    },
    {
      "pinyin": "ün",
      "pronunciation": "[yn]",
      "description": "前鼻韵母，由ü和n两个音素组成。",
      "examples": [
        {"char": "云", "pinyin": "yún"},
        {"char": "军", "pinyin": "jūn"},
        {"char": "群", "pinyin": "qún"}
      ]
    },
    {
      "pinyin": "ang",
      "pronunciation": "[ɑŋ]",
      "description": "后鼻韵母，由a和ng两个音素组成。",
      "examples": [
        {"char": "长", "pinyin": "cháng"},
        {"char": "房", "pinyin": "fáng"},
        {"char": "上", "pinyin": "shàng"}
      ]
    },
    {
      "pinyin": "eng",
      "pronunciation": "[əŋ]",
      "description": "后鼻韵母，由e和ng两个音素组成。",
      "examples": [
        {"char": "等", "pinyin": "děng"},
        {"char": "冷", "pinyin": "lěng"},
        {"char": "生", "pinyin": "shēng"}
      ]
    },
    {
      "pinyin": "ing",
      "pronunciation": "[iŋ]",
      "description": "后鼻韵母，由i和ng两个音素组成。",
      "examples": [
        {"char": "星", "pinyin": "xīng"},
        {"char": "听", "pinyin": "tīng"},
        {"char": "请", "pinyin": "qǐng"}
      ]
    },
    {
      "pinyin": "ong",
      "pronunciation": "[uŋ]",
      "description": "后鼻韵母，由o和ng两个音素组成。",
      "examples": [
        {"char": "中", "pinyin": "zhōng"},
        {"char": "东", "pinyin": "dōng"},
        {"char": "红", "pinyin": "hóng"}
      ]
    }
  ],
  "zhengti": [
    {
      "pinyin": "zhi",
      "pronunciation": "[tʂʅ]",
      "description": "整体认读音节，由zh声母和特殊的i韵母组成。",
      "examples": [
        {"char": "知", "pinyin": "zhī"},
        {"char": "只", "pinyin": "zhǐ"},
        {"char": "纸", "pinyin": "zhǐ"}
      ]
    },
    {
      "pinyin": "chi",
      "pronunciation": "[tʂʰʅ]",
      "description": "整体认读音节，由ch声母和特殊的i韵母组成。",
      "examples": [
        {"char": "吃", "pinyin": "chī"},
        {"char": "池", "pinyin": "chí"},
        {"char": "尺", "pinyin": "chǐ"}
      ]
    },
    {
      "pinyin": "shi",
      "pronunciation": "[ʂʅ]",
      "description": "整体认读音节，由sh声母和特殊的i韵母组成。",
      "examples": [
        {"char": "是", "pinyin": "shì"},
        {"char": "师", "pinyin": "shī"},
        {"char": "十", "pinyin": "shí"}
      ]
    },
    {
      "pinyin": "ri",
      "pronunciation": "[ʐʅ]",
      "description": "整体认读音节，由r声母和特殊的i韵母组成。",
      "examples": [
        {"char": "日", "pinyin": "rì"},
        {"char": "人", "pinyin": "rén"},
        {"char": "热", "pinyin": "rè"}
      ]
    },
    {
      "pinyin": "zi",
      "pronunciation": "[tsɿ]",
      "description": "整体认读音节，由z声母和特殊的i韵母组成。",
      "examples": [
        {"char": "字", "pinyin": "zì"},
        {"char": "子", "pinyin": "zǐ"},
        {"char": "自", "pinyin": "zì"}
      ]
    },
    {
      "pinyin": "ci",
      "pronunciation": "[tsʰɿ]",
      "description": "整体认读音节，由c声母和特殊的i韵母组成。",
      "examples": [
        {"char": "次", "pinyin": "cì"},
        {"char": "词", "pinyin": "cí"},
        {"char": "此", "pinyin": "cǐ"}
      ]
    },
    {
      "pinyin": "si",
      "pronunciation": "[sɿ]",
      "description": "整体认读音节，由s声母和特殊的i韵母组成。",
      "examples": [
        {"char": "四", "pinyin": "sì"},
        {"char": "思", "pinyin": "sī"},
        {"char": "丝", "pinyin": "sī"}
      ]
    },
    {
      "pinyin": "yi",
      "pronunciation": "[i]",
      "description": "整体认读音节，相当于单韵母i。",
      "examples": [
        {"char": "一", "pinyin": "yī"},
        {"char": "以", "pinyin": "yǐ"},
        {"char": "已", "pinyin": "yǐ"}
      ]
    },
    {
      "pinyin": "wu",
      "pronunciation": "[u]",
      "description": "整体认读音节，相当于单韵母u。",
      "examples": [
        {"char": "五", "pinyin": "wǔ"},
        {"char": "无", "pinyin": "wú"},
        {"char": "物", "pinyin": "wù"}
      ]
    },
    {
      "pinyin": "yu",
      "pronunciation": "[y]",
      "description": "整体认读音节，相当于单韵母ü。",
      "examples": [
        {"char": "鱼", "pinyin": "yú"},
        {"char": "雨", "pinyin": "yǔ"},
        {"char": "语", "pinyin": "yǔ"}
      ]
    },
    {
      "pinyin": "ye",
      "pronunciation": "[iɛ]",
      "description": "整体认读音节，相当于复韵母ie。",
      "examples": [
        {"char": "叶", "pinyin": "yè"},
        {"char": "也", "pinyin": "yě"},
        {"char": "夜", "pinyin": "yè"}
      ]
    },
    {
      "pinyin": "yue",
      "pronunciation": "[yɛ]",
      "description": "整体认读音节，相当于复韵母üe。",
      "examples": [
        {"char": "月", "pinyin": "yuè"},
        {"char": "约", "pinyin": "yuē"},
        {"char": "越", "pinyin": "yuè"}
      ]
    },
    {
      "pinyin": "yuan",
      "pronunciation": "[yɛn]",
      "description": "整体认读音节，由y声母和uan韵母组成。",
      "examples": [
        {"char": "远", "pinyin": "yuǎn"},
        {"char": "圆", "pinyin": "yuán"},
        {"char": "员", "pinyin": "yuán"}
      ]
    },
    {
      "pinyin": "yin",
      "pronunciation": "[in]",
      "description": "整体认读音节，由y声母和in韵母组成。",
      "examples": [
        {"char": "音", "pinyin": "yīn"},
        {"char": "因", "pinyin": "yīn"},
        {"char": "银", "pinyin": "yín"}
      ]
    },
    {
      "pinyin": "yun",
      "pronunciation": "[yn]",
      "description": "整体认读音节，由y声母和un韵母组成。",
      "examples": [
        {"char": "云", "pinyin": "yún"},
        {"char": "运", "pinyin": "yùn"},
        {"char": "韵", "pinyin": "yùn"}
      ]
    },
    {
      "pinyin": "ying",
      "pronunciation": "[iŋ]",
      "description": "整体认读音节，由y声母和ing韵母组成。",
      "examples": [
        {"char": "英", "pinyin": "yīng"},
        {"char": "影", "pinyin": "yǐng"},
        {"char": "应", "pinyin": "yīng"}
      ]
    }
  ]
}