{
  "poems": [
    {
      "id": 1,
      "title": "静夜思",
      "author": "李白",
      "dynasty": "唐代",
      "content": [
        "床前明月光，",
        "疑是地上霜。",
        "举头望明月，",
        "低头思故乡。"
      ],
      "translation": "床前的月光照在地上，好像地上结了一层霜。抬头望着天上的明月，低头想起远方的家乡。",
      "appreciation": "这首诗表达了诗人在异乡思念家乡的感情。诗人通过描绘月光照在床前的景象，引出对家乡的思念之情。诗中的明月既是实景，也象征着家乡和亲人，表达了游子思乡的普遍情感。",
      "vocabulary": [
        {
          "word": "疑是",
          "explanation": "好像是，看起来像是"
        },
        {
          "word": "霜",
          "explanation": "寒冷天气里，水汽凝结在地面或物体表面的白色结晶"
        },
        {
          "word": "举头",
          "explanation": "抬起头来"
        },
        {
          "word": "故乡",
          "explanation": "自己出生或长大的地方，家乡"
        }
      ]
    },
    {
      "id": 2,
      "title": "春晓",
      "author": "孟浩然",
      "dynasty": "唐代",
      "content": [
        "春眠不觉晓，",
        "处处闻啼鸟。",
        "夜来风雨声，",
        "花落知多少。"
      ],
      "translation": "春天里睡觉，不知不觉天就亮了。到处都能听到鸟儿的叫声。昨夜里刮风下雨，不知道落了多少花。",
      "appreciation": "这首诗描绘了一个春天早晨的美好景象。诗人通过描写春眠、鸟啼、风雨和花落等景象，表现了春天特有的生机和活力，同时也流露出对美好春光易逝的惋惜之情。",
      "vocabulary": [
        {
          "word": "春晓",
          "explanation": "春天的早晨"
        },
        {
          "word": "不觉",
          "explanation": "不知不觉，没有察觉"
        },
        {
          "word": "啼鸟",
          "explanation": "鸣叫的鸟儿"
        },
        {
          "word": "夜来",
          "explanation": "昨天夜里"
        }
      ]
    },
    {
      "id": 3,
      "title": "咏鹅",
      "author": "骆宾王",
      "dynasty": "唐代",
      "content": [
        "鹅，鹅，鹅，",
        "曲项向天歌。",
        "白毛浮绿水，",
        "红掌拨清波。"
      ],
      "translation": "鹅啊，鹅啊，鹅啊，弯着脖子朝天唱歌。白色的羽毛漂浮在绿色的水面上，红色的脚掌划动着清澈的水波。",
      "appreciation": "这首诗生动地描绘了鹅的外形特点和活动姿态。诗人用简洁明快的语言，通过'曲项'、'白毛'、'红掌'等特征，勾勒出鹅的形象，表现了鹅在水中游动的优美姿态，充满了童趣和生活气息。",
      "vocabulary": [
        {
          "word": "咏",
          "explanation": "歌颂，赞美"
        },
        {
          "word": "曲项",
          "explanation": "弯曲的脖子"
        },
        {
          "word": "浮",
          "explanation": "漂在水面上"
        },
        {
          "word": "掌",
          "explanation": "这里指鹅的脚掌"
        },
        {
          "word": "拨",
          "explanation": "划动，拨动"
        }
      ]
    },
    {
      "id": 4,
      "title": "悯农",
      "author": "李绅",
      "dynasty": "唐代",
      "content": [
        "锄禾日当午，",
        "汗滴禾下土。",
        "谁知盘中餐，",
        "粒粒皆辛苦。"
      ],
      "translation": "农民在烈日当空的中午锄地除草，汗水滴在禾苗下的土地上。谁知道我们碗里的饭食，每一粒都凝聚着农民的辛苦劳动。",
      "appreciation": "这首诗描写了农民在烈日下劳作的辛苦场景，表达了对农民的同情和对粮食来之不易的珍惜之情。诗人通过具体的劳动场景和朴素的语言，让人深刻体会到'谁知盘中餐，粒粒皆辛苦'的道理。",
      "vocabulary": [
        {
          "word": "悯农",
          "explanation": "同情、怜悯农民"
        },
        {
          "word": "锄禾",
          "explanation": "用锄头除去禾苗周围的杂草"
        },
        {
          "word": "日当午",
          "explanation": "太阳高悬在头顶，正午时分"
        },
        {
          "word": "盘中餐",
          "explanation": "盘子里的饭菜，指食物"
        },
        {
          "word": "粒粒",
          "explanation": "每一粒，形容数量多"
        }
      ]
    },
    {
      "id": 5,
      "title": "江雪",
      "author": "柳宗元",
      "dynasty": "唐代",
      "content": [
        "千山鸟飞绝，",
        "万径人踪灭。",
        "孤舟蓑笠翁，",
        "独钓寒江雪。"
      ],
      "translation": "群山之中看不到飞鸟的踪影，所有的小路上也看不到人的足迹。只有一位穿着蓑衣、戴着斗笠的老人，独自在寒冷的江面上垂钓，周围飘着雪花。",
      "appreciation": "这首诗描绘了一幅雪天江上垂钓的画面。诗人通过'千山'、'万径'的空旷与'孤舟'、'独钓'的孤寂形成鲜明对比，表现了一种超然物外、与世无争的隐逸情怀，同时也流露出诗人被贬谪后的孤独心境。",
      "vocabulary": [
        {
          "word": "绝",
          "explanation": "断绝，没有"
        },
        {
          "word": "径",
          "explanation": "小路，小道"
        },
        {
          "word": "踪",
          "explanation": "足迹，踪迹"
        },
        {
          "word": "蓑笠翁",
          "explanation": "穿着蓑衣、戴着斗笠的老人"
        },
        {
          "word": "独钓",
          "explanation": "独自一人钓鱼"
        }
      ]
    },
    {
      "id": 6,
      "title": "登鹳雀楼",
      "author": "王之涣",
      "dynasty": "唐代",
      "content": [
        "白日依山尽，",
        "黄河入海流。",
        "欲穷千里目，",
        "更上一层楼。"
      ],
      "translation": "太阳依傍着山峰落下去，黄河朝着大海奔流。如果想看到更远的地方，那就要再登上一层楼。",
      "appreciation": "这首诗描绘了诗人登上鹳雀楼后看到的壮丽景色，表达了诗人追求更高目标、开阔视野的积极进取精神。诗中'白日'、'黄河'的自然景观与'欲穷千里目'的人生哲理相结合，意境开阔，气势磅礴。",
      "vocabulary": [
        {
          "word": "鹳雀楼",
          "explanation": "古代的一座高楼，位于今山西省永济市"
        },
        {
          "word": "依山尽",
          "explanation": "靠着山落下去"
        },
        {
          "word": "欲穷",
          "explanation": "想要穷尽，想要看到尽头"
        },
        {
          "word": "千里目",
          "explanation": "极目远眺，看到很远的地方"
        }
      ]
    },
    {
      "id": 7,
      "title": "望庐山瀑布",
      "author": "李白",
      "dynasty": "唐代",
      "content": [
        "日照香炉生紫烟，",
        "遥看瀑布挂前川。",
        "飞流直下三千尺，",
        "疑是银河落九天。"
      ],
      "translation": "阳光照射在香炉峰上，升起一股紫色的烟云。远远望去，瀑布像一条白练挂在山前的溪流上。瀑布的水流从高处直泻而下，有三千尺之高，好像是银河从天上落下来一样。",
      "appreciation": "这首诗生动地描绘了庐山瀑布的壮丽景象。诗人运用夸张的手法，将瀑布比作'银河落九天'，形象地表现了瀑布的宏伟气势和磅礴气象，展现了诗人豪放奔放的艺术风格和对自然的热爱。",
      "vocabulary": [
        {
          "word": "香炉",
          "explanation": "庐山的一座山峰，形状像香炉"
        },
        {
          "word": "紫烟",
          "explanation": "紫色的烟云"
        },
        {
          "word": "前川",
          "explanation": "山前的溪流"
        },
        {
          "word": "飞流",
          "explanation": "飞泻的水流"
        },
        {
          "word": "银河",
          "explanation": "天上的星河，这里比喻瀑布"
        },
        {
          "word": "九天",
          "explanation": "古人想象中的天空最高处"
        }
      ]
    },
    {
      "id": 8,
      "title": "赠汪伦",
      "author": "李白",
      "dynasty": "唐代",
      "content": [
        "李白乘舟将欲行，",
        "忽闻岸上踏歌声。",
        "桃花潭水深千尺，",
        "不及汪伦送我情。"
      ],
      "translation": "我李白坐在船上正要离开，忽然听到岸上传来踏歌的声音。桃花潭的水有千尺深，也比不上汪伦送别我的深情厚谊。",
      "appreciation": "这首诗表达了诗人对朋友汪伦深厚情谊的感激之情。诗人通过'桃花潭水深千尺，不及汪伦送我情'的比喻，生动地表现了友情的珍贵，情感真挚，语言朴实无华却意味深长。",
      "vocabulary": [
        {
          "word": "乘舟",
          "explanation": "坐船"
        },
        {
          "word": "将欲行",
          "explanation": "正要离开"
        },
        {
          "word": "踏歌",
          "explanation": "边踏脚边唱歌，古代的一种歌舞形式"
        },
        {
          "word": "桃花潭",
          "explanation": "在今安徽省宣城市，是李白与汪伦相会的地方"
        },
        {
          "word": "不及",
          "explanation": "比不上"
        }
      ]
    },
    {
      "id": 9,
      "title": "回乡偶书",
      "author": "贺知章",
      "dynasty": "唐代",
      "content": [
        "少小离家老大回，",
        "乡音无改鬓毛衰。",
        "儿童相见不相识，",
        "笑问客从何处来。"
      ],
      "translation": "我年少时离开家乡，到老年才回来。家乡的口音没有改变，但我的头发已经花白了。儿童们见了我不认识，笑着问这个客人是从哪里来的。",
      "appreciation": "这首诗描写了诗人年老回乡的感慨。通过'少小离家老大回'的时间对比和'儿童相见不相识'的陌生感，表达了诗人对故乡的深厚感情和物是人非的感慨，情感真挚，令人动容。",
      "vocabulary": [
        {
          "word": "偶书",
          "explanation": "偶然写下的诗"
        },
        {
          "word": "少小",
          "explanation": "年幼的时候"
        },
        {
          "word": "老大",
          "explanation": "年老的时候"
        },
        {
          "word": "乡音",
          "explanation": "家乡的口音"
        },
        {
          "word": "鬓毛",
          "explanation": "鬓角的头发"
        },
        {
          "word": "衰",
          "explanation": "衰老，这里指头发花白"
        }
      ]
    },
    {
      "id": 10,
      "title": "游子吟",
      "author": "孟郊",
      "dynasty": "唐代",
      "content": [
        "慈母手中线，",
        "游子身上衣。",
        "临行密密缝，",
        "意恐迟迟归。",
        "谁言寸草心，",
        "报得三春晖。"
      ],
      "translation": "慈爱的母亲手中的线，缝制成游子身上的衣服。临行前密密地缝制，是因为担心孩子回来得晚。谁说儿女的一点孝心，能够报答得了母亲如春天阳光般的养育之恩呢？",
      "appreciation": "这首诗表达了对母爱的赞颂和感恩之情。诗人通过描写母亲为远行的孩子缝衣的情景，表现了母亲对孩子无微不至的关怀，同时也表达了自己对母亲深深的感激之情，情感真挚感人。",
      "vocabulary": [
        {
          "word": "游子",
          "explanation": "离家在外的人"
        },
        {
          "word": "密密缝",
          "explanation": "细密地缝制"
        },
        {
          "word": "意恐",
          "explanation": "担心"
        },
        {
          "word": "迟迟归",
          "explanation": "回来得很晚"
        },
        {
          "word": "寸草心",
          "explanation": "比喻子女的孝心"
        },
        {
          "word": "三春晖",
          "explanation": "春天的阳光，比喻父母的恩情"
        }
      ]
    }
  ]
}